# word	reading	misreadings
# Words often read wrongly. Each is compiled under its reading and, at a lower weight, under the
# misreadings (`,` between them), so either types it; typed by a misreading, the candidate shows the
# reading, with its tones (lexicon/README.md). Readings as 《现代汉语词典》 (7th ed.) has them.
般若	bō rě	ban'ruo
莘莘学子	shēn shēn xué zǐ	xin'xin'xue'zi
龟裂	jūn liè	gui'lie
呱呱坠地	gū gū zhuì dì	gua'gua'zhui'di
暴殄天物	bào tiǎn tiān wù	bao'zhen'tian'wu
刚愎自用	gāng bì zì yòng	gang'fu'zi'yong
酗酒	xù jiǔ	xiong'jiu
赝品	yàn pǐn	ying'pin
濒临	bīn lín	pin'lin
纤夫	qiàn fū	xian'fu
粳米	jīng mǐ	geng'mi
吮吸	shǔn xī	yun'xi
恫吓	dòng hè	tong'xia,dong'xia
憧憬	chōng jǐng	tong'jing
炮烙	páo luò	pao'lao
叱咤风云	chì zhà fēng yún	chi'cha'feng'yun
自怨自艾	zì yuàn zì yì	zi'yuan'zi'ai
一曝十寒	yī pù shí hán	yi'bao'shi'han
大腹便便	dà fù pián pián	da'fu'bian'bian
相形见绌	xiāng xíng jiàn chù	xiang'xing'jian'zhuo
不落窠臼	bù luò kē jiù	bu'luo'chao'jiu
鳞次栉比	lín cì zhì bǐ	lin'ci'jie'bi
栉风沐雨	zhì fēng mù yǔ	jie'feng'mu'yu
怙恶不悛	hù è bù quān	gu'e'bu'jun
蓦然	mò rán	mu'ran
狙击	jū jī	zu'ji
酝酿	yùn niàng	yun'rang
发酵	fā jiào	fa'xiao
机械	jī xiè	ji'jie
粗犷	cū guǎng	cu'kuang
内讧	nèi hòng	nei'gong
戛然而止	jiá rán ér zhǐ	ga'ran'er'zhi
舐犊情深	shì dú qíng shēn	tian'du'qing'shen
鞭笞	biān chī	bian'tai
憎恶	zēng wù	zeng'e
涮羊肉	shuàn yáng ròu	shua'yang'rou
皈依	guī yī	fan'yi,ban'yi
揠苗助长	yà miáo zhù zhǎng	yan'miao'zhu'zhang
婀娜	ē nuó	a'na
唾手可得	tuò shǒu kě dé	chui'shou'ke'de
唾液	tuò yè	chui'ye
瞠目结舌	chēng mù jié shé	tang'mu'jie'she
拾级而上	shè jí ér shàng	shi'ji'er'shang
角色	jué sè	jiao'se
角逐	jué zhú	jiao'zhu
埋怨	mán yuàn	mai'yuan
说服	shuō fú	shui'fu
着火	zháo huǒ	zhuo'huo
着手	zhuó shǒu	zhao'shou
心宽体胖	xīn kuān tǐ pán	xin'kuan'ti'pang
心广体胖	xīn guǎng tǐ pán	xin'guang'ti'pang
否极泰来	pǐ jí tài lái	fou'ji'tai'lai
未雨绸缪	wèi yǔ chóu móu	wei'yu'chou'miu
刽子手	guì zi shǒu	kuai'zi'shou
联袂	lián mèi	lian'jue
惬意	qiè yì	xia'yi
鞭挞	biān tà	bian'da
贿赂	huì lù	you'lu
掣肘	chè zhǒu	zhi'zhou
风驰电掣	fēng chí diàn chè	feng'chi'dian'zhi
恪守	kè shǒu	ge'shou
桎梏	zhì gù	zhi'gao
隽永	juàn yǒng	jun'yong
星宿	xīng xiù	xing'su
肄业	yì yè	si'ye
粗糙	cū cāo	cu'zao
道行	dào heng	dao'xing
荨麻疹	xún má zhěn	qian'ma'zhen
熨帖	yù tiē	yun'tie
拓片	tà piàn	tuo'pian
不啻	bù chì	bu'di
耄耋	mào dié	mao'zhi
饕餮	tāo tiè	tao'can
囹圄	líng yǔ	ling'wu
鬼鬼祟祟	guǐ guǐ suì suì	gui'gui'chong'chong
荼毒	tú dú	cha'du
沆瀣一气	hàng xiè yī qì	kang'xie'yi'qi
鸟瞰	niǎo kàn	niao'gan
汗流浃背	hàn liú jiā bèi	han'liu'xia'bei
万马齐喑	wàn mǎ qí yīn	wan'ma'qi'an
草菅人命	cǎo jiān rén mìng	cao'guan'ren'ming
包扎	bāo zā	bao'zha
擎天柱	qíng tiān zhù	jing'tian'zhu
寒碜	hán chen	han'can
拮据	jié jū	ji'ju
蹒跚	pán shān	man'shan
媲美	pì měi	bi'mei
歼灭	jiān miè	qian'mie
炽热	chì rè	zhi're
迸发	bèng fā	bing'fa
绮丽	qǐ lì	yi'li
蜷缩	quán suō	juan'suo
箴言	zhēn yán	xian'yan
莅临	lì lín	wei'lin
嘉峪关	jiā yù guān	jia'gu'guan
阿房宫	ē páng gōng	a'fang'gong
犄角	jī jiǎo	qi'jiao
横亘	héng gèn	heng'geng
蕴藉	yùn jiè	yun'ji
骁勇	xiāo yǒng	yao'yong
蓓蕾	bèi lěi	pei'lei
叨扰	tāo rǎo	dao'rao
一蹴而就	yī cù ér jiù	yi'jiu'er'jiu
弄堂	lòng táng	nong'tang
胴体	dòng tǐ	tong'ti
堵塞	dǔ sè	du'sai
闭塞	bì sè	bi'sai
茅塞顿开	máo sè dùn kāi	mao'sai'dun'kai
庇护	bì hù	pi'hu
偌大	ruò dà	nuo'da
莞尔	wǎn ěr	guan'er
贻笑大方	yí xiào dà fāng	tai'xiao'da'fang
咋舌	zé shé	za'she
繁衍	fán yǎn	fan'xing
狡黠	jiǎo xiá	jiao'jie
熟稔	shú rěn	shu'nian
罹难	lí nàn	luo'nan
掮客	qián kè	jian'ke
驰骋	chí chěng	chi'pin
塑料	sù liào	suo'liao
亲家	qìng jia	qin'jia
便秘	biàn mì	bian'bi
秘鲁	bì lǔ	mi'lu
混沌	hùn dùn	hun'tun
关卡	guān qiǎ	guan'ka
造诣	zào yì	zao'zhi
浑身解数	hún shēn xiè shù	hun'shen'jie'shu
良莠不齐	liáng yǒu bù qí	liang'xiu'bu'qi
提防	dī fang	ti'fang
纰漏	pī lòu	bi'lou
负隅顽抗	fù yú wán kàng	fu'ou'wan'kang
穷兵黩武	qióng bīng dú wǔ	qiong'bing'mai'wu
虚与委蛇	xū yǔ wēi yí	xu'yu'wei'she
博闻强识	bó wén qiáng zhì	bo'wen'qiang'shi
余勇可贾	yú yǒng kě gǔ	yu'yong'ke'jia
为虎作伥	wèi hǔ zuò chāng	wei'hu'zuo'zhang
并行不悖	bìng xíng bù bèi	bing'xing'bu'bo
力能扛鼎	lì néng gāng dǐng	li'neng'kang'ding
哪吒	né zhā	na'zha,le'zha
