# word	reading	date	note
# A word of libime's dictionary read wrongly there: compiled under the readings listed here (a line each)
# instead of the dictionary's.
一了	yi'le	2026-10-05	added beside yi'le
一了	yi'liao	2026-10-05	added beside yi'le
一板一眼	yi'ban'yi'yan	2026-10-05	was yi'ban'yin'yan
一死了之	yi'si'liao'zhi	2026-10-05	was yi'si'le'zhi
一览无余	yi'lan'wu'yu	2026-10-05	was yi'lai'wu'yu
一览无遗	yi'lan'wu'yi	2026-10-05	was yi'lai'wu'yi
三藏	san'zang	2026-10-05	was san'cang
三行	san'hang	2026-10-05	added beside san'hang
三行	san'xing	2026-10-05	added beside san'hang
不粘锅	bu'zhan'guo	2026-10-05	added beside bu'zhan'guo
不粘锅	bu'nian'guo	2026-10-05	added beside bu'zhan'guo
不越雷池	bu'yue'lei'chi	2026-10-05	was bu'yue'lei'shi
与民更始	yu'min'geng'shi	2026-10-05	was yu'ren'geng'shi
为着	wei'zhe	2026-10-05	was wei'zhuo
乍暖还寒	zha'nuan'huan'han	2026-10-05	was zha'nuan'hai'han
乐亭	lao'ting	2026-10-05	was le'ting
乐感	yue'gan	2026-10-05	was le'gan
乐理	yue'li	2026-10-05	was le'li
乘务长	cheng'wu'zhang	2026-10-05	was cheng'wu'chang
九重	jiu'chong	2026-10-05	was jiu'zhong
了望台	liao'wang'tai	2026-10-05	was le'wang'tai
五三	wu'san	2026-10-05	was jin'san
五五	wu'wu	2026-10-05	was jin'jin
五时	wu'shi	2026-10-05	was jin'shi
五明	wu'ming	2026-10-05	was jin'ming
五更	wu'geng	2026-10-05	was jin'geng
五气	wu'qi	2026-10-05	was jin'qi
五羊	wu'yang	2026-10-05	was jin'yang
五胡	wu'hu	2026-10-05	was jin'hu
五蕴	wu'yun	2026-10-05	was jin'yun
五路	wu'lu	2026-10-05	was jin'lu
五都	wu'du	2026-10-05	was jin'du
五陵	wu'ling	2026-10-05	was jin'ling
亡佚	wang'yi	2026-10-05	was wang'die
交恶	jiao'wu	2026-10-05	was jiao'e
亭长	ting'zhang	2026-10-05	was ting'chang
人才难得	ren'cai'nan'de	2026-10-05	was ren'cai'cai'de
人生自古谁无死	ren'sheng'zi'gu'shui'wu'si	2026-10-05	added beside ren'sheng'zi'gu'shui'wu'si
人生自古谁无死	ren'sheng'zi'gu'shei'wu'si	2026-10-05	added beside ren'sheng'zi'gu'shui'wu'si
仓卒	cang'cu	2026-10-05	was cang'zu
仙术	xian'shu	2026-10-05	was xian'zhu
以牙还牙	yi'ya'huan'ya	2026-10-05	was yi'ya'hua'ya
以身许国	yi'shen'xu'guo	2026-10-05	was yi'sheng'xu'guo
仰面	yang'mian	2026-10-05	was jiao'mian
佚失	yi'shi	2026-10-05	was die'shi
使女	shi'nv	2026-10-05	was shi'nu
侦缉	zhen'ji	2026-10-05	was zhen'qi
信女	xin'nv	2026-10-05	was xin'nu
倍率	bei'lv	2026-10-05	was bei'lu
倏地	shu'di	2026-10-05	was shu'de
偏裨	pian'pi	2026-10-05	was pian'bi
像模像样	xiang'mu'xiang'yang	2026-10-05	was xiang'mo'xiang'yang
儒术	ru'shu	2026-10-05	was ru'zhu
入行	ru'hang	2026-10-05	was ru'xing
公差	gong'cha	2026-10-05	added beside gong'cha
公差	gong'chai	2026-10-05	added beside gong'cha
六安	lu'an	2026-10-05	was liu'an
兰若	lan're	2026-10-05	was lan'ruo
关卡	guan'qia	2026-10-05	was guan'ka
内兹珀斯人	nei'zi'po'si'ren	2026-10-05	was nei'zi'bo'si'ren
冒顿	mo'du	2026-10-05	was mao'dun
冯河	ping'he	2026-10-05	was feng'he
冷颤	leng'chan	2026-10-05	added beside leng'chan
冷颤	leng'zhan	2026-10-05	added beside leng'chan
出乖露丑	chu'guai'lou'chou	2026-10-05	was chu'guai'lu'chou
出头露面	chu'tou'lou'mian	2026-10-05	was chu'tou'lu'mian
刑律	xing'lv	2026-10-05	was xing'lu
刨食	pao'shi	2026-10-05	was bao'shi
削除	xue'chu	2026-10-05	was xiao'chu
剥皮	bo'pi	2026-10-05	added beside bo'pi
剥皮	bao'pi	2026-10-05	added beside bo'pi
剥皮抽筋	bao'pi'chou'jin	2026-10-05	added beside bao'pi'chou'jin
剥皮抽筋	bo'pi'chou'jin	2026-10-05	added beside bao'pi'chou'jin
劝降	quan'xiang	2026-10-05	was quan'jiang
劲兵	jing'bing	2026-10-05	was jin'bing
劲松	jing'song	2026-10-05	was jin'song
劲歌	jin'ge	2026-10-05	was jing'ge
劲道	jing'dao	2026-10-05	added beside jing'dao
劲道	jin'dao	2026-10-05	added beside jing'dao
匀和	yun'huo	2026-10-05	added beside yun'huo
匀和	yun'he	2026-10-05	added beside yun'huo
包扎	bao'za	2026-10-05	was bao'zha
北朝	bei'chao	2026-10-05	was bei'zhao
北马其顿	bei'ma'qi'dun	2026-10-05	was mei'ma'qi'dun
匙子	chi'zi	2026-10-05	was shi'zi
卒业	zu'ye	2026-10-05	was cu'ye
卖文为生	mai'wen'wei'sheng	2026-10-05	was mai'wen'wei'shen
历朝	li'chao	2026-10-05	was li'zhao
厚朴	hou'po	2026-10-05	was hou'pu
反扒	fan'pa	2026-10-05	was fan'ba
发卡	fa'ka	2026-10-05	added beside fa'ka
发卡	fa'qia	2026-10-05	added beside fa'ka
取给	qu'ji	2026-10-05	was qu'gei
叶落归根	ye'luo'gui'gen	2026-10-05	was ye'luo'hui'gen
叶韵	xie'yun	2026-10-05	was ye'yun
吉布提	ji'bu'ti	2026-10-05	was bu'ji'ti
吐蕃	tu'fan	2026-10-05	added beside tu'fan
吐蕃	tu'bo	2026-10-05	added beside tu'fan
吸着	xi'zhe	2026-10-05	added beside xi'zhe
吸着	xi'zhuo	2026-10-05	added beside xi'zhe
呱呱	gua'gua	2026-10-05	added beside gua'gua
呱呱	gu'gu	2026-10-05	added beside gua'gua
呲牙	ci'ya	2026-10-05	added beside ci'ya
呲牙	zi'ya	2026-10-05	added beside ci'ya
和面	he'mian	2026-10-05	added beside he'mian
和面	huo'mian	2026-10-05	added beside he'mian
咱家	zan'jia	2026-10-05	added beside zan'jia
咱家	za'jia	2026-10-05	added beside zan'jia
哪会儿	na'hui'er	2026-10-05	added beside na'hui'er
哪会儿	nei'hui'er	2026-10-05	added beside na'hui'er
地动山摇	di'dong'shan'yao	2026-10-05	was di'dong'shen'yao
塞上	sai'shang	2026-10-05	was se'shang
塞北	sai'bei	2026-10-05	was se'bei
填塞	tian'se	2026-10-05	was tian'sai
墨绿	mo'lv	2026-10-05	was mo'lu
处心积虑	chu'xin'ji'lv	2026-10-05	was chu'xin'ji'lu
大任	da'ren	2026-10-05	was dai'ren
大城	da'cheng	2026-10-05	was dai'cheng
大模大样	da'mu'da'yang	2026-10-05	was da'mo'da'yang
大藏	da'zang	2026-10-05	was da'cang
天女	tian'nv	2026-10-05	was tian'nu
太阿	tai'e	2026-10-05	was tai'a
奇偶	ji'ou	2026-10-05	was qi'ou
女妖	nv'yao	2026-10-05	was nu'yao
女将	nv'jiang	2026-10-05	was nu'jiang
女权	nv'quan	2026-10-05	was nu'quan
女角	nv'jiao	2026-10-05	added beside nv'jiao
女角	nv'jue	2026-10-05	added beside nv'jiao
女贞	nv'zhen	2026-10-05	was nu'zhen
妖女	yao'nv	2026-10-05	was yao'nu
嫩绿	nen'lv	2026-10-05	was nen'lu
官运亨通	guan'yun'heng'tong	2026-10-05	was guan'yun'heng'gong
富商大贾	fu'shang'da'gu	2026-10-05	was fu'shang'da'jia
富商巨贾	fu'shang'ju'gu	2026-10-05	was fu'shang'ju'jia
富贾	fu'gu	2026-10-05	was fu'jia
射干	ye'gan	2026-10-05	was she'gan
将将	jiang'jiang	2026-10-05	added beside jiang'jiang
将将	qiang'qiang	2026-10-05	added beside jiang'jiang
尺寸之功	chi'cun'zhi'gong	2026-10-05	was chi'cu'zhi'gong
尾闾	wei'lv	2026-10-05	was wei'lu
屏声静气	bing'sheng'jing'qi	2026-10-05	was ping'sheng'jing'qi
属意	zhu'yi	2026-10-05	was shu'yi
属文	zhu'wen	2026-10-05	was shu'wen
屡教不改	lv'jiao'bu'gai	2026-10-05	was lu'jian'bu'gai
屡试不爽	lv'shi'bu'shuang	2026-10-05	was lu'shi'bu'shuang
山重水复	shan'chong'shui'fu	2026-10-05	was shan'zhong'shui'fu
巫女	wu'nv	2026-10-05	was wu'nu
差役	chai'yi	2026-10-05	was cha'yi
差饷	chai'xiang	2026-10-05	was cha'xiang
巷道	hang'dao	2026-10-05	was xiang'dao
平巷	ping'hang	2026-10-05	was ping'xiang
弹腿	tan'tui	2026-10-05	was dan'tui
归降	gui'xiang	2026-10-05	was gui'jiang
征辟	zheng'bi	2026-10-05	was zhi'bi
律人	lv'ren	2026-10-05	was lu'ren
律令	lv'ling	2026-10-05	was lu'ling
律例	lv'li	2026-10-05	was lu'li
律动	lv'dong	2026-10-05	was lu'dong
律宗	lv'zong	2026-10-05	was lu'zong
律己	lv'ji	2026-10-05	was lu'ji
律藏	lv'zang	2026-10-05	was lu'cang, checked twice
心律	xin'lv	2026-10-05	was xin'lu
快刀斩乱麻	kuai'dao'zhan'luan'ma	2026-10-05	was kuai'dao'jian'luan'ma
总长	zong'zhang	2026-10-05	was zong'chang
恶事	e'shi	2026-10-05	was wu'shi
恶战	e'zhan	2026-10-05	was wu'zhan
户调	hu'diao	2026-10-05	was hu'tiao
户长	hu'zhang	2026-10-05	was hu'chang
扁舟	pian'zhou	2026-10-05	was bian'zhou
扒开	ba'kai	2026-10-05	was pa'kai
扒拉	pa'la	2026-10-05	added beside pa'la
扒拉	ba'la	2026-10-05	added beside pa'la
扒粪	ba'fen	2026-10-05	added beside ba'fen
扒粪	pa'fen	2026-10-05	added beside ba'fen
抄没	chao'mo	2026-10-05	was chao'mei
折辱	zhe'ru	2026-10-05	was she'ru
抹脸	ma'lian	2026-10-05	added beside ma'lian
抹脸	mo'lian	2026-10-05	added beside ma'lian
抽丝剥茧	chou'si'bao'jian	2026-10-05	added beside chou'si'bao'jian
抽丝剥茧	chou'si'bo'jian	2026-10-05	added beside chou'si'bao'jian
拗断	ao'duan	2026-10-05	was niu'duan
挨家挨户	ai'jia'ai'hu	2026-10-05	was ai'ji'ai'hu
捆扎	kun'za	2026-10-05	was kun'zha
掺和	chan'huo	2026-10-05	was chan'he
揣度	chuai'duo	2026-10-05	was chuai'du
摧折	cui'zhe	2026-10-05	was cui'she
收率	shou'lv	2026-10-05	was shou'lu
故伎重演	gu'ji'chong'yan	2026-10-05	was gu'ji'zhong'yan
敬业乐群	jing'ye'le'qun	2026-10-05	was jing'ye'yao'qun
断臂	duan'bi	2026-10-05	was duan'bei
方术	fang'shu	2026-10-05	was fang'zhu
旅人	lv'ren	2026-10-05	was lu'ren
旅伴	lv'ban	2026-10-05	was lu'ban
日没	ri'mo	2026-10-05	was ri'mei
旦角	dan'jue	2026-10-05	was dan'jiao
旧事重提	jiu'shi'chong'ti	2026-10-05	was jiu'shi'zhong'ti
曲率	qu'lv	2026-10-05	was qu'lu
曲里拐弯	qu'li'guai'wan	2026-10-05	was qu'li'guan'wan
有模有样	you'mu'you'yang	2026-10-05	was you'mo'you'yang
朝政	chao'zheng	2026-10-05	was zhao'zheng
朝日	chao'ri	2026-10-05	added beside chao'ri
朝日	zhao'ri	2026-10-05	added beside chao'ri
朝见	chao'jian	2026-10-05	was zhao'jian
木模	mu'mu	2026-10-05	was mu'mo
术业	shu'ye	2026-10-05	was zhu'ye
枝蔓	zhi'man	2026-10-05	was zhi'wan
栖霞	qi'xia	2026-10-05	was xi'xia
校场	jiao'chang	2026-10-05	was xiao'chang
格律	ge'lv	2026-10-05	was ge'lu
模子	mu'zi	2026-10-05	was mo'zi
歌女	ge'nv	2026-10-05	was ge'nu
正行	zheng'hang	2026-10-05	added beside zheng'hang
正行	zheng'xing	2026-10-05	added beside zheng'hang
步履蹒跚	bu'lv'pan'shan	2026-10-05	was bu'lu'pan'shan
段长	duan'zhang	2026-10-05	was duan'chang
殷红	yan'hong	2026-10-05	was yin'hong
氯气	lv'qi	2026-10-05	was lu'qi
没药	mo'yao	2026-10-05	was mei'yao
泊车	bo'che	2026-10-05	was po'che
涩谷	se'gu	2026-10-05	was she'gu
添砖加瓦	tian'zhuan'jia'wa	2026-10-05	was tian'zhuan'jie'wa
滤液	lv'ye	2026-10-05	was lu'ye
滤纸	lv'zhi	2026-10-05	was lu'zhi
滤过	lv'guo	2026-10-05	was lu'guo
点着	dian'zhe	2026-10-05	added beside dian'zhe
点着	dian'zhao	2026-10-05	added beside dian'zhe
烈女	lie'nv	2026-10-05	was lie'nu
爱侣	ai'lv	2026-10-05	was ai'lu
牧畜	mu'xu	2026-10-05	was mu'chu
特行	te'hang	2026-10-05	added beside te'hang
特行	te'xing	2026-10-05	added beside te'hang
特进	te'jin	2026-10-05	was te'zhi
瓜德罗普	gua'de'luo'pu	2026-10-05	was guo'de'luo'pu
用劲	yong'jin	2026-10-05	was yong'jing
男尊女卑	nan'zun'nv'bei	2026-10-05	was nan'zun'nu'bei
白血	bai'xie	2026-10-05	added beside bai'xie
白血	bai'xue	2026-10-05	added beside bai'xie
着落	zhuo'luo	2026-10-05	was zhao'luo
知行合一	zhi'xing'he'yi	2026-10-05	was zhi'hang'he'yi
碰头会	peng'tou'hui	2026-10-05	was peng'tou'kuai
礼乐	li'yue	2026-10-05	was li'le
神祗	shen'zhi	2026-10-05	was shen'di, checked twice
神祗	shen'qi	2026-10-05	was shen'di, checked twice
系好	ji'hao	2026-10-05	was xi'hao
纤纤	xian'xian	2026-10-05	was qian'qian
结扎	jie'za	2026-10-05	was jie'zha
给水	gei'shui	2026-10-05	added beside gei'shui
给水	ji'shui	2026-10-05	added beside gei'shui
给水管	gei'shui'guan	2026-10-05	added beside gei'shui'guan
给水管	ji'shui'guan	2026-10-05	added beside gei'shui'guan
绿林	lu'lin	2026-10-05	was lv'lin
缕缕	lv'lv	2026-10-05	was lu'lu
老调重弹	lao'diao'chong'tan	2026-10-05	was lao'diao'zhong'dan
脖颈	bo'jing	2026-10-08	added beside bo'jing
脖颈	bo'geng	2026-10-05	added beside bo'jing
膻中	dan'zhong	2026-10-05	was shan'zhong
般若	bo're	2026-10-05	was ban'ruo
节律	jie'lv	2026-10-05	was jie'lu
苍劲	cang'jing	2026-10-05	was cang'jin
荨麻	qian'ma	2026-10-05	added beside qian'ma
荨麻	xun'ma	2026-10-05	added beside qian'ma
落了	luo'le	2026-10-05	added beside luo'le
落了	la'le	2026-10-05	added beside luo'le
落子	luo'zi	2026-10-05	added beside luo'zi
落子	lao'zi	2026-10-05	added beside luo'zi
落枕	luo'zhen	2026-10-08	added beside luo'zhen
落枕	lao'zhen	2026-10-05	added beside luo'zhen
蓦地	mo'di	2026-10-05	was mo'de
薄膜	bo'mo	2026-10-05	added beside bo'mo
薄膜	bao'mo	2026-10-05	added beside bo'mo
薄薄	bao'bao	2026-10-05	was bo'bao
薄面	bo'mian	2026-10-05	was bao'mian
藏历	zang'li	2026-10-05	was cang'li
藤蔓	teng'man	2026-10-05	added beside teng'man
藤蔓	teng'wan	2026-10-05	added beside teng'man
虚晃一枪	xu'huang'yi'qiang	2026-10-05	was xiu'huang'yi'qiang
血亲	xue'qin	2026-10-05	was xue'qing
血泊	xue'po	2026-10-05	was xue'bo
血淋淋	xue'lin'lin	2026-10-05	added beside xue'lin'lin
血淋淋	xie'lin'lin	2026-10-05	added beside xue'lin'lin
行伍	hang'wu	2026-10-05	was xing'wu
行号	hang'hao	2026-10-05	was xing'hao
行营	xing'ying	2026-10-05	was hang'ying
西装革履	xi'zhuang'ge'lv	2026-10-05	was xi'zhuang'ge'lu
解数	xie'shu	2026-10-05	was jie'shu
论著	lun'zhu	2026-10-05	was lun'zhuo
设卡	she'qia	2026-10-08	added beside she'qia
设卡	she'ka	2026-10-05	added beside she'qia
评弹	ping'tan	2026-10-05	was ping'dan
译著	yi'zhu	2026-10-05	was yi'zhuo
说客	shui'ke	2026-10-05	added beside shui'ke
说客	shuo'ke	2026-10-05	added beside shui'ke
课长	ke'zhang	2026-10-05	was ke'chang
调人	tiao'ren	2026-10-05	was diao'ren
调光	tiao'guang	2026-10-05	was diao'guang
调式	diao'shi	2026-10-05	was tiao'shi
调摄	tiao'she	2026-10-05	was diao'she
调治	tiao'zhi	2026-10-05	was diao'zhi
贩夫走卒	fan'fu'zou'zu	2026-10-05	was fan'fu'zou'fu
路卡	lu'ka	2026-10-05	added beside lu'ka
路卡	lu'qia	2026-10-05	added beside lu'ka
轧机	zha'ji	2026-10-05	was ya'ji
轧辊	zha'gun	2026-10-05	was ya'gun
转调	zhuan'diao	2026-10-05	was zhuan'tiao
软和	ruan'he	2026-10-05	added beside ruan'he
软和	ruan'huo	2026-10-05	added beside ruan'he
辟谷	bi'gu	2026-10-05	was pi'gu
过虑	guo'lv	2026-10-05	was guo'lu
这么着	zhe'me'zhe	2026-10-05	was zhe'me'zhao
进兵	jin'bing	2026-10-05	was zhi'bing
进占	jin'zhan	2026-10-05	was zhi'zhan
进爵	jin'jue	2026-10-05	was zhi'jue
进犯	jin'fan	2026-10-05	was zhi'fan
进献	jin'xian	2026-10-05	was zhi'xian
进给量	jin'ji'liang	2026-10-05	was jin'gei'liang
进言	jin'yan	2026-10-05	was zhi'yan
进谏	jin'jian	2026-10-05	was zhi'jian
那么着	na'me'zhe	2026-10-05	was na'me'zhao
酢浆草	cu'jiang'cao	2026-10-05	was zuo'jiang'cao
里长	li'zhang	2026-10-05	was li'chang
重九	chong'jiu	2026-10-05	was zhong'jiu
重出	chong'chu	2026-10-05	was zhong'chu
重听	zhong'ting	2026-10-05	was chong'ting
重洋	chong'yang	2026-10-05	was zhong'yang
重男轻女	zhong'nan'qing'nv	2026-10-05	was zhong'nan'qing'nu
重罚	zhong'fa	2026-10-05	was chong'fa
重装	chong'zhuang	2026-10-05	added beside chong'zhuang
重装	zhong'zhuang	2026-10-05	added beside chong'zhuang
重载	chong'zai	2026-10-08	added beside chong'zai
重载	zhong'zai	2026-10-05	added beside chong'zai
重迭	chong'die	2026-10-05	was zhong'die
金科玉律	jin'ke'yu'lv	2026-10-05	was jin'ke'yu'lu
金缕	jin'lv	2026-10-05	was jin'lu
钢筋铁骨	gang'jin'tie'gu	2026-10-05	was gang'jing'tie'gu
铅山	yan'shan	2026-10-05	was qian'shan
铜绿	tong'lv	2026-10-05	was tong'lu
锻模	duan'mu	2026-10-05	was duan'mo
长女	zhang'nv	2026-10-05	was chang'nu
长幼	zhang'you	2026-10-05	was chang'you
长男	zhang'nan	2026-10-05	was chang'nan
长门	chang'men	2026-10-05	was zhang'men
阿拉伯联合酋长国	a'la'bo'lian'he'qiu'zhang'guo	2026-10-05	was a'la'bo'lian'he'qiu'chang'guo
陈寅恪	chen'yin'que	2026-10-05	added beside chen'yin'que
陈寅恪	chen'yin'ke	2026-10-05	added beside chen'yin'que
降表	jiang'biao	2026-10-05	was xiang'biao
霓裳	ni'chang	2026-10-05	was ni'shang
露头	lou'tou	2026-10-05	was lu'tou
露怯	lou'qie	2026-10-05	was lu'qie
青绿	qing'lv	2026-10-05	was qing'lu
革履	ge'lv	2026-10-05	was ge'lu
颤栗	chan'li	2026-10-08	added beside chan'li
颤栗	zhan'li	2026-10-05	added beside chan'li
马仔	ma'zai	2026-10-05	was ma'zi
马尾藻	ma'wei'zao	2026-10-05	was ma'yi'zao
骠骑	piao'qi	2026-10-05	was biao'qi
黏着	nian'zhuo	2026-10-05	was nian'zhe
黔驴技穷	qian'lv'ji'qiong	2026-10-05	was qian'lu'ji'qiong
鼓劲	gu'jin	2026-10-05	was gu'jing
鼻塞	bi'sai	2026-10-08	added beside bi'sai
鼻塞	bi'se	2026-10-05	added beside bi'sai
鼻衄	bi'nv	2026-10-05	was bi'nu
龟缩	gui'suo	2026-10-05	was jun'suo
